{
  "agent": [
    {
      "name": "Reinforce",
      "algorithm": {
        "name": "Reinforce",
        "action_pdtype": "default",
        "action_policy": "default",
        "center_return": true,
        "explore_var_spec": null,
        "gamma": 0.99,
        "entropy_coef_spec": {
          "name": "linear_decay",
          "start_val": 0.01,
          "end_val": 0.001,
          "start_step": 0,
          "end_step": 20000
        },
        "training_frequency": 1
      },
      "memory": {
        "name": "OnPolicyReplay"
      },
      "net": {
        "type": "MLPNet",
        "hid_layers": [
          64
        ],
        "hid_layers_activation": "selu",
        "clip_grad_val": null,
        "loss_spec": {
          "name": "MSELoss"
        },
        "optim_spec": {
          "name": "Adam",
          "lr": 0.002
        },
        "lr_scheduler_spec": null
      }
    }
  ],
  "env": [
    {
      "name": "CartPole-v0",
      "max_t": null,
      "max_frame": 100000
    }
  ],
  "body": {
    "product": "outer",
    "num": 1
  },
  "meta": {
    "distributed": false,
    "eval_frequency": 2000,
    "max_session": 4,
    "max_trial": 1,
    "rigorous_eval": 0,
    "experiment": 0,
    "trial": 0,
    "session": 0,
    "cuda_offset": 0,
    "resume": false,
    "experiment_ts": "2022_05_11_155321",
    "prepath": "data/reinforce_cartpole_2022_05_11_155321/reinforce_cartpole_t0_s0",
    "git_sha": "9102ff923d7a3e9c579edc18c6547cce94a7b77a",
    "random_seed": 1652252003,
    "graph_prepath": "data/reinforce_cartpole_2022_05_11_155321/graph/reinforce_cartpole_t0_s0",
    "info_prepath": "data/reinforce_cartpole_2022_05_11_155321/info/reinforce_cartpole_t0_s0",
    "log_prepath": "data/reinforce_cartpole_2022_05_11_155321/log/reinforce_cartpole_t0_s0",
    "model_prepath": "data/reinforce_cartpole_2022_05_11_155321/model/reinforce_cartpole_t0_s0"
  },
  "search": {
    "agent": [
      {
        "algorithm": {
          "gamma__grid_search": [
            0.1,
            0.5,
            0.7000000000000001,
            0.8,
            0.9,
            0.99,
            0.999
          ]
        }
      }
    ]
  },
  "name": "reinforce_cartpole"
}